ad_distance,abs_error
8.993757835444596,37.405522347199934
8.99418067347391,1.9682676286239165
8.994139590934846,6.238865107088028
8.99409903691858,16.23243404916662
8.994059011432222,21.445654999508434
8.994019514482778,36.54440744894039
8.993980546077298,40.79468689041095
8.9939421062226,42.43791797333918
8.993904194925417,37.07600191320056
8.993829958030437,37.676221935669545
8.993369503164974,30.485793606109006
8.99305729754426,10.992824129174934
8.981665759666868,12.833149356379927
8.985034882050101,36.23243404916663
9.005527744808756,42.60141308503846
9.019484451666546,28.076538087258577
9.058335189013578,17.750763920040367
9.119291180372201,10.555331155142472
9.175673550754668,46.70143029926217
9.606317351272704,43.77958800446011
9.815321402944559,38.97958800446011
9.834736615281475,26.97958800446011
8.994563521701474,6.911544907610022
8.994387490141136,5.841991889812423
8.994232661515403,31.95484015876641
8.993986617295198,43.90398190283102
8.993895403439955,43.90398190283102
8.370212075523355,14.156316225582547
8.323825999845536,19.535041846082976
8.257160216708794,7.823567808097238
8.286431734901596,3.6761013204268984
8.240418777913954,2.335458824957307
8.239993761174627,3.486411842763559
8.239701677278173,2.2494658773779577
8.239279316789547,8.294663690420506
8.239042561070733,11.908548026432626
8.238586414726742,21.514753275543114
8.238644467318702,16.643379438652033
8.238585078891058,13.736975497765329
8.23861406998328,15.431178351030105
8.238553548776169,11.974255399607244
8.262175441131522,63.288204528067496
8.26184962124505,62.63026630841003
8.261526091258741,61.445124274615154
8.260885902061093,56.710625058639366
8.260569243381472,51.33066783650795
8.260254875668862,51.5630985579518
8.259942799181074,48.564457425435464
8.259633014179709,41.16713906479618
8.259325520924445,41.01860031452916
8.259020319667568,40.15291417521752
8.258717410665037,43.31042932874834
8.258118470431835,43.31042932874834
8.257237258233546,47.47555927747112
8.256376689680556,48.233754610015495
8.261281414231018,50.06143230612193
8.260955559113949,47.34358882925991
8.260631994141907,42.39217214509558
8.259991735707704,39.69425200271456
8.259675042777438,32.42461449700107
8.25936064105939,26.936647412785142
8.259048530811446,24.43800628026881
8.2587387122953,22.570510590553955
8.258431185770707,22.783138100171957
8.258125951490038,21.02184043322832
8.257823009709334,23.953780709482402
8.257224004656967,22.953780709482402
8.256342697074098,28.392464810795033
8.25548203535141,28.160849100852175
8.260661595979702,47.759279187964786
8.26033571643511,43.373381032531626
8.260012127205316,39.71383449599213
8.259371820765178,34.23746122801325
8.259055104086851,23.258188526133758
8.258740678790751,19.420771280009834
8.258428545134828,16.922130147493505
8.258118703380829,15.207868634113211
8.257811153788577,14.666301971597363
8.257505896610494,13.905004304653723
8.257202932102675,17.625034826923418
8.256603882107218,17.625034826923418
8.25572250838837,23.80174318483627
8.25486178206543,23.63004101598623
8.260316047986919,41.32287521964346
8.25999015482515,36.2183856401619
8.25966655207282,32.31969122607858
8.259026218871673,26.863171102117512
8.258709488954933,17.238227941572617
8.258395050515198,13.381949649980495
8.258082903810447,11.383308517464158
8.257773049102457,7.904845347694604
8.257465486651089,8.584865475040878
8.256857239531696,12.249227730999621
8.256258164482611,12.249227730999621
8.255376753896131,18.47770966797099
8.254515991561641,19.306007499120945
9.63421959651994,4.2939197552653425
9.020940368952404,6.823567808097238
8.454576419662484,7.823567808097238
8.454576419662484,1.969443296212667
8.45218697096295,63.48833089920437
8.4227621992846,45.539030809385764
8.376666800522496,27.813565267421517
8.315014723467876,20.9052636596235
8.344083287196252,23.402253709616865
8.401918709862944,1.5977462903831423
6.086938183572623,55.65068998206429
6.084979052011619,48.30493396921403
6.083803270248943,51.001586945946585
6.083411292494443,48.571476334383725
6.108447160284679,43.04868958682128
6.182946545055421,43.09888645445013
6.083434511652164,31.370123744615043
6.083428491833616,29.17992417029585
6.0834187975774165,17.39113688626977
6.0834122305076805,32.67692132668639
6.0834384992346395,42.27021714923026
6.083493850350668,43.21751902197775
6.083688982246915,44.96564841877971
6.083996677351747,45.07217471411401
5.984770543132971,36.55732548033918
5.984131580527544,25.14485243948654
5.983871245931937,17.748168134064578
5.983631367752213,18.835202282006954
5.9970093758513485,16.768007112050803
6.059033657758191,17.50839433580149
5.985672582676046,31.50485295992705
5.985483073446687,23.023285611389255
5.985106420938649,22.764251898063847
5.984732923526691,21.940050312542176
5.982558228820732,25.736547896719763
5.981513522027147,25.830164081697866
5.979509464058792,25.370261123495716
5.9776193082939075,23.87346749879358
6.260865880979789,3.8332875784207587
6.261619944878501,3.9452372006371803
6.26291464714359,5.221458193884928
6.264970389043888,5.279687264193157
6.308666637016521,19.529644041874548
6.399934609907359,19.455754570260083
6.280795274329153,15.242645121841328
6.2807909580837045,23.046619282762443
6.280784597296346,24.01634383294109
6.280781265454235,30.85628830787566
6.2807846577650235,30.17410970043717
6.280793393123723,28.62656058646239
6.2807975487223,31.397230327379127
6.28084836183398,31.6191625926593
6.280935811847007,32.08570334366489
9.855268343536292,15.435878861340392
9.855529597343125,37.12872848393508
9.855841691537156,48.33139082776683
9.856708280704762,54.30819314063424
9.857503692048017,53.68017894638844
9.858992216694993,55.08903106939708
9.850438982548019,3.3856561145544823
9.81086516179327,8.708724895125432
9.842484840753315,52.586151755400714
9.848823618627419,53.10970648382118
9.870525035140906,50.78502144076528
9.938951477809962,55.86973059070393
9.852769267017838,21.923083648402017
9.852760664864292,22.38141758791477
9.852749803548583,17.16248992445091
9.852741114487396,14.731225466882414
9.85277587068617,10.629465198482173
9.853053915862295,8.683484400833436
9.853792435259624,7.1874207733215485
9.855428963998303,5.909899636602063
9.857452094251574,4.851806859365759
4.236344075704589,14.720847366117592
4.168268221209563,8.630286625939412
4.145886093690026,22.037519059592704
4.130230558157467,27.450855655418728
4.170082740565167,1.3334604561316752
4.175566581826987,11.69272574117305
4.184701172121422,8.85132058333518
4.205308426664772,1.2424381159231785
4.1628365471260995,16.830407430305502
4.162824043397113,12.874267454110829
4.162812613586554,10.536732108903376
4.16278374254672,4.16627504746042
4.162763214151502,2.5614099688549636
4.162751028552833,11.43955751869219
4.162785714932374,22.626795036594665
4.163271127377977,19.368665849914965
4.163753032850635,19.18737553970761
4.169079828216896,67.60534953365082
4.168735074317151,62.6518279019257
4.187943253378938,53.93112468088377
4.2347183503092065,39.503602053189766
4.337989649876991,29.676609794021708
4.356222680433945,28.280155287462772
4.42640460616729,21.622931491428776
3.533243043380582,61.49891633141742
3.4938993022355853,60.455109062914346
3.2767897088227023,72.18161755195555
3.125514154871911,36.662495521199766
3.2466029307248556,77.63369802384675
3.246595215703116,86.86738912162818
3.2465908071110214,51.86738912162819
3.2465911744939255,31.633698023846748
3.246595215703116,17.633698023846748
3.258457914595282,20.179721325078514
3.2570937098225983,26.179721325078514
3.255756790925484,41.17972132507852
3.252534088814329,56.64078340185229
3.2494826408911095,47.1584210402258
3.2438954163432916,41.2050848219377
3.2368102376856145,34.5983941074347
3.232954980796156,63.5983941074347
3.2466029307248547,30.218001281508222
3.2465654902431735,17.934160337746135
3.246520319272114,11.730978725724942
3.2464695423279024,3.9349707452493448
3.246385094084915,11.135710514159541
3.2469188255382884,11.369952716533284
3.2368102376856136,0.024973513646701306
3.236772680670729,11.759627030427826
3.236727368189831,13.44524498672138
3.2366764280877627,26.779941734185805
3.236591711775919,31.409229076205214
3.237127062028513,19.80807266858058
2.2827596088857574,3.7636829178298696
1.9946264178003468,2.767271698464267
1.9946264178003468,36.73877648493776
2.240341842304835,20.42892310156369
2.6644146201264647,30.69897302612249
1.9945219789725463,4.933851409344863
1.9945503547607921,26.646500179332442
1.9945808755847303,32.811069859205695
1.9947208329681132,37.318227888518834
1.986899794069009,8.742255049368087
2.0117556701907624,0.6757283939030554
2.144747391233289,1.1239725680213262
2.431471994986451,10.38796783244667
1.9950918738763908,0.31822788851883566
1.9949976857485268,18.31822788851884
1.994904449465772,37.318227888518834
1.994812165161591,40.318227888518834
7.059602669300672,9.774204983722997
7.0595713393504465,7.822917322349628
7.059544456258277,6.456433234328994
7.059522558866024,4.128492882264178
7.059502776993862,4.992914065541939
7.059490002275997,7.497475106224519
7.059483749687686,5.608435110171127
7.059493721393838,14.621939533034915
7.059526869044835,21.170437849990577
7.059665923202575,21.945372473902957
7.0599019839742905,24.88862003941138
7.06667196725594,5.769944145968438
7.065550261039495,5.922291167744895
7.064749113404031,11.478861188724775
7.064269274139994,14.723504517040016
7.064108885319326,12.613082989113238
7.063755960982341,17.93053658127223
7.063338810509667,22.453325437468887
7.0630507563647456,26.823476432961957
7.063019943042603,27.68709412190917
0.9841316554623859,10.901927675089368
0.024861555539469966,1.4482570004821955
0.022244549693290882,7.673193805395748
0.015702035077590982,4.520848915761633
