study,model,n_rows,mae,rmse,r2
A. Elrafey_2025,LR,25,26.01216610623926,29.9922101594843,-0.7185671445800657
A. Elrafey_2025,KNN,25,17.8840894332517,22.47631056618338,0.03483933893721236
A. Elrafey_2025,ANN,25,25.634737492190535,29.842464979467486,-0.7014490526928072
A. Elrafey_2025,Cubist,25,21.661040498315177,26.046464702118296,-0.2961257323613058
A. Elrafey_2025,RF,25,16.807806447326985,19.995467759497807,0.23614187958593058
A. Elrafey_2025,XGB,25,20.365676843224843,23.54494685061874,-0.059119568948628576
A. Elrafey_2025,HistGB,25,16.943300680579455,20.200233925636546,0.22041699824380334
Ali M. Abdelkawy_2025,LR,33,26.780663593597215,27.896766211656196,-5.746661436665066
Ali M. Abdelkawy_2025,KNN,33,31.772727272727273,32.6497714503115,-8.241479025446498
Ali M. Abdelkawy_2025,ANN,33,36.39952294087324,38.13271270450901,-11.605979425193622
Ali M. Abdelkawy_2025,Cubist,33,8.906426747639975,11.611197899950252,-0.16878665824633066
Ali M. Abdelkawy_2025,RF,33,18.927887727548438,20.09153603562694,-2.499511881599995
Ali M. Abdelkawy_2025,XGB,33,28.993518973841812,29.862451432011003,-6.730936461542204
Ali M. Abdelkawy_2025,HistGB,33,20.966285069949535,21.939144254246973,-3.1727326355441248
Amina Elhaci_2020,LR,40,10.61876611392267,12.522621068733303,-1.4237914616523977
Amina Elhaci_2020,KNN,40,8.102152777777778,10.174091105476247,-0.5999117115279355
Amina Elhaci_2020,ANN,40,7.796938392827537,9.045569535880633,-0.2646682221844181
Amina Elhaci_2020,Cubist,40,17.22902801407708,20.98182400006796,-5.804422194313501
Amina Elhaci_2020,RF,40,35.329017084054044,36.53669906259179,-19.63304803140406
Amina Elhaci_2020,XGB,40,28.368079213036435,29.175615741266057,-12.1566352265882
Amina Elhaci_2020,HistGB,40,28.229891200421356,28.758789223449522,-11.783387935891776
Amir M. Ramezani_2024,LR,31,77.54425355028404,79.5801407263103,-18.869831780283167
Amir M. Ramezani_2024,KNN,31,28.84193548387097,35.15635582421349,-2.8778632286983794
Amir M. Ramezani_2024,ANN,31,14.992020237151891,19.312853882442663,-0.17024742497890233
Amir M. Ramezani_2024,Cubist,31,15.215781673308342,17.90853771835232,-0.006248014994189255
Amir M. Ramezani_2024,RF,31,22.12433825069012,24.739551792369888,-0.9202971581910602
Amir M. Ramezani_2024,XGB,31,25.49146798041559,30.731274966046406,-1.9630974972099984
Amir M. Ramezani_2024,HistGB,31,16.40023993530187,20.056975895066746,-0.2621637122569658
Anfal Enad Khalaf1_2026,LR,34,28.395609391054023,32.70047143805264,-0.49745954163495565
Anfal Enad Khalaf1_2026,KNN,34,45.87892156862745,55.16265039287011,-3.2612529874584624
Anfal Enad Khalaf1_2026,ANN,34,27.99363415024154,32.230105344803576,-0.4546902223423348
Anfal Enad Khalaf1_2026,Cubist,34,35.37569674323587,40.8576809483907,-1.3377307809531382
Anfal Enad Khalaf1_2026,RF,34,29.40177123950047,34.24600246528879,-0.6423542434167016
Anfal Enad Khalaf1_2026,XGB,34,42.532606665702424,49.81310732303479,-2.474836199096373
Anfal Enad Khalaf1_2026,HistGB,34,47.73828500387818,55.80497012396153,-3.3610677105662257
Asaad F. Hassan_2025,LR,22,52.79197147081554,61.16076122714039,-2.806100347064843
Asaad F. Hassan_2025,KNN,22,34.089318181818186,42.87815544974769,-0.8707108225036972
Asaad F. Hassan_2025,ANN,22,51.136683627890484,58.66466888561517,-2.5017708037818873
Asaad F. Hassan_2025,Cubist,22,31.18053473732689,32.04778849656771,-0.04503443571998855
Asaad F. Hassan_2025,RF,22,29.28497512334834,30.84746120191314,0.03178161888013109
Asaad F. Hassan_2025,XGB,22,25.228662865378645,27.395899945550145,0.23633020640042346
Asaad F. Hassan_2025,HistGB,22,26.869558832262943,28.610008554763734,0.16714299046551706
Asmaa S. Hassan_2026,LR,50,30.493814904533146,37.187575977607665,-0.5922187201098419
Asmaa S. Hassan_2026,KNN,50,32.25625333333333,37.78964582245601,-0.644192368592555
Asmaa S. Hassan_2026,ANN,50,33.6861492640123,42.63415063414185,-1.092773443175481
Asmaa S. Hassan_2026,Cubist,50,22.244705643514,27.860039560042818,0.10634386225227377
Asmaa S. Hassan_2026,RF,50,20.814127560441502,25.600954111079446,0.24539567978720178
Asmaa S. Hassan_2026,XGB,50,25.15675866988182,29.21626916911845,0.01721957186341716
Asmaa S. Hassan_2026,HistGB,50,24.001004630891376,28.041024571416713,0.09469537122275173
B.A. Jimenez-L´ opez_2023,LR,39,98.90217163055145,99.44214842039946,-66.08796701002348
B.A. Jimenez-L´ opez_2023,KNN,39,38.31903463165557,39.66470410601278,-9.673628233736133
B.A. Jimenez-L´ opez_2023,ANN,39,47.610034753685845,56.91551300042596,-20.976824685519194
B.A. Jimenez-L´ opez_2023,Cubist,39,9.691590056458846,10.870330854514016,0.19834194670801797
B.A. Jimenez-L´ opez_2023,RF,39,19.968502537583408,22.932867522047907,-2.5679631381012875
B.A. Jimenez-L´ opez_2023,XGB,39,26.368876495459073,28.41586548642731,-4.478042671953003
B.A. Jimenez-L´ opez_2023,HistGB,39,33.32082887975084,34.91080136642386,-7.268434120025029
Caifeng Xia_2022,LR,23,25.991706796494544,27.207734316906386,-4.822409286116011
Caifeng Xia_2022,KNN,23,24.39976749365189,26.3336056505694,-4.454295083681045
Caifeng Xia_2022,ANN,23,68.19307305565191,69.78127399065356,-37.29973445639633
Caifeng Xia_2022,Cubist,23,20.711019948994892,22.5176091139978,-2.9880677405245084
Caifeng Xia_2022,RF,23,7.3208084916168,8.73112623070831,0.4004043009418726
Caifeng Xia_2022,XGB,23,24.663977238045344,25.285468884652342,-4.028749445027043
Caifeng Xia_2022,HistGB,23,18.67597410102111,19.334881151226316,-1.9403632662665222
Chaerin Park_2025,LR,46,42.20301086878054,47.730811387741745,-1.6445250451937006
Chaerin Park_2025,KNN,46,26.217074777980944,32.96382798786504,-0.2613201350982486
Chaerin Park_2025,ANN,46,64.51107307163325,76.93745815636079,-5.871091284913668
Chaerin Park_2025,Cubist,46,28.458743129112097,35.74368211530333,-0.4830255332264848
Chaerin Park_2025,RF,46,29.19160279572586,37.46522073514449,-0.6293209492631235
Chaerin Park_2025,XGB,46,32.2146704059765,39.92308543710721,-0.8501129647778534
Chaerin Park_2025,HistGB,46,37.45543602597151,45.47326664410842,-1.4002824917881092
Fernanda G. Corrêa_2025,LR,39,13.290276024372497,17.878860944414406,-0.0935612741636338
Fernanda G. Corrêa_2025,KNN,39,32.013076923076916,35.08617979804175,-3.2114882978472616
Fernanda G. Corrêa_2025,ANN,39,37.00724964283146,41.53940738916688,-4.903152763050259
Fernanda G. Corrêa_2025,Cubist,39,14.107307477119642,17.565662744093903,-0.055583296774275315
Fernanda G. Corrêa_2025,RF,39,19.513869253328757,23.769888225648465,-0.9329370393707124
Fernanda G. Corrêa_2025,XGB,39,19.6969217584072,23.863918773910868,-0.9482601765702816
Fernanda G. Corrêa_2025,HistGB,39,20.899102274516046,25.265076143325036,-1.1837587192041057
Garima Rathee_2020,LR,28,20.258124170818004,33.20743363374602,-0.5203806661116825
Garima Rathee_2020,KNN,28,64.11564910638447,67.90279920374725,-5.357071078032808
Garima Rathee_2020,ANN,28,169.21326388712106,170.9865812517539,-39.30934763018786
Garima Rathee_2020,Cubist,28,43.0351756640843,47.79684353519123,-2.149779453835495
Garima Rathee_2020,RF,28,49.63640014828382,54.11358930323129,-3.0373313491698894
Garima Rathee_2020,XGB,28,60.32634400895664,65.37286870996515,-4.892190749939057
Garima Rathee_2020,HistGB,28,51.805026405933766,57.265259710822704,-3.5213089151626207
Ghulam Mujtaba_2023,LR,20,14.701080957716268,17.811089656542308,-0.16412210470583943
Ghulam Mujtaba_2023,KNN,20,11.885416666666666,13.731278289810538,0.30810611180425607
Ghulam Mujtaba_2023,ANN,20,13.178562511311885,14.464516511737548,0.23224014561547046
Ghulam Mujtaba_2023,Cubist,20,14.392757987976074,19.671966625244213,-0.4200809911736161
Ghulam Mujtaba_2023,RF,20,19.792214515082197,24.653332295162173,-1.2303284035656898
Ghulam Mujtaba_2023,XGB,20,26.91515369415283,30.062937641992995,-2.316502952795711
Ghulam Mujtaba_2023,HistGB,20,14.855121675138033,20.265209825752528,-0.5070226020394728
Hanan Taha_2025,LR,31,46.31728184830117,51.973004833543285,-3.8916325485115717
Hanan Taha_2025,KNN,31,28.33467741935484,32.64053053905478,-0.9293569845690295
Hanan Taha_2025,ANN,31,20.20069700401447,24.524384750799236,-0.08916685132027635
Hanan Taha_2025,Cubist,31,23.616656272642075,27.50681809832924,-0.37018397606248565
Hanan Taha_2025,RF,31,31.020925885580493,36.212525358928,-1.3747385259552871
Hanan Taha_2025,XGB,31,32.15351164725519,38.22147965760739,-1.6455328878653654
Hanan Taha_2025,HistGB,31,31.268365630673685,38.5778116310579,-1.6950904779056097
Hanjun Wu_2017,LR,11,22.284216328148112,22.630436622983954,-30.961207281699956
Hanjun Wu_2017,KNN,11,20.215909090909086,20.60841275150426,-25.50491387126019
Hanjun Wu_2017,ANN,11,20.627580464117873,20.878142708978732,-26.20326505095095
Hanjun Wu_2017,Cubist,11,3.589560595425692,4.043037979998445,-0.020123968152356397
Hanjun Wu_2017,RF,11,9.104214782626013,9.43295515956001,-4.5530661808750885
Hanjun Wu_2017,XGB,11,5.592208862304687,5.9758067233874845,-1.2285911140725063
Hanjun Wu_2017,HistGB,11,18.748969736431164,19.002689087252886,-21.535512272246752
Hatem Kh. MOHAMED_2024,LR,1,8.159898060458943,8.159898060458943,
Hatem Kh. MOHAMED_2024,KNN,1,22.0,22.0,
Hatem Kh. MOHAMED_2024,ANN,1,11.536199898460524,11.536199898460524,
Hatem Kh. MOHAMED_2024,Cubist,1,20.458526611328125,20.458526611328125,
Hatem Kh. MOHAMED_2024,RF,1,22.536423218827835,22.536423218827835,
Hatem Kh. MOHAMED_2024,XGB,1,21.990509033203125,21.990509033203125,
Hatem Kh. MOHAMED_2024,HistGB,1,24.14922486508162,24.14922486508162,
Hatem Kh. MOHAMED_2025,LR,1,30.70115617674243,30.70115617674243,
Hatem Kh. MOHAMED_2025,KNN,1,22.0,22.0,
Hatem Kh. MOHAMED_2025,ANN,1,11.634389699904105,11.634389699904105,
Hatem Kh. MOHAMED_2025,Cubist,1,3.8253555297851562,3.8253555297851562,
Hatem Kh. MOHAMED_2025,RF,1,2.440515963638788,2.440515963638788,
Hatem Kh. MOHAMED_2025,XGB,1,21.045913696289062,21.045913696289062,
Hatem Kh. MOHAMED_2025,HistGB,1,16.9025661038743,16.9025661038743,
Hatem Kh. MOHAMED_2026,LR,1,34.79473640910636,34.79473640910636,
Hatem Kh. MOHAMED_2026,KNN,1,0.0,0.0,
Hatem Kh. MOHAMED_2026,ANN,1,15.456966712313054,15.456966712313054,
Hatem Kh. MOHAMED_2026,Cubist,1,7.339752197265625,7.339752197265625,
Hatem Kh. MOHAMED_2026,RF,1,5.9243601628890445,5.9243601628890445,
Hatem Kh. MOHAMED_2026,XGB,1,2.8047409057617188,2.8047409057617188,
Hatem Kh. MOHAMED_2026,HistGB,1,1.7783121848219992,1.7783121848219992,
Hatem Kh. MOHAMED_2027,LR,1,34.78887944953649,34.78887944953649,
Hatem Kh. MOHAMED_2027,KNN,1,0.0,0.0,
Hatem Kh. MOHAMED_2027,ANN,1,15.455023023882418,15.455023023882418,
Hatem Kh. MOHAMED_2027,Cubist,1,3.3231658935546875,3.3231658935546875,
Hatem Kh. MOHAMED_2027,RF,1,5.63702155133619,5.63702155133619,
Hatem Kh. MOHAMED_2027,XGB,1,1.6322555541992188,1.6322555541992188,
Hatem Kh. MOHAMED_2027,HistGB,1,4.754195337684635,4.754195337684635,
Hatem Kh. MOHAMED_2028,LR,1,33.75818775370636,33.75818775370636,
Hatem Kh. MOHAMED_2028,KNN,1,1.0,1.0,
Hatem Kh. MOHAMED_2028,ANN,1,14.66301074593774,14.66301074593774,
Hatem Kh. MOHAMED_2028,Cubist,1,0.3379974365234375,0.3379974365234375,
Hatem Kh. MOHAMED_2028,RF,1,4.490690423611184,4.490690423611184,
Hatem Kh. MOHAMED_2028,XGB,1,0.23490142822265625,0.23490142822265625,
Hatem Kh. MOHAMED_2028,HistGB,1,5.276546273441241,5.276546273441241,
Hatem Kh. MOHAMED_2029,LR,1,34.79473640910635,34.79473640910635,
Hatem Kh. MOHAMED_2029,KNN,1,0.0,0.0,
Hatem Kh. MOHAMED_2029,ANN,1,15.994244060378726,15.994244060378726,
Hatem Kh. MOHAMED_2029,Cubist,1,7.339752197265625,7.339752197265625,
Hatem Kh. MOHAMED_2029,RF,1,5.893195044114492,5.893195044114492,
Hatem Kh. MOHAMED_2029,XGB,1,2.8047409057617188,2.8047409057617188,
Hatem Kh. MOHAMED_2029,HistGB,1,1.7783121848219992,1.7783121848219992,
Hatem Kh. MOHAMED_2030,LR,1,32.30302445597114,32.30302445597114,
Hatem Kh. MOHAMED_2030,KNN,1,2.0,2.0,
Hatem Kh. MOHAMED_2030,ANN,1,11.51835968212464,11.51835968212464,
Hatem Kh. MOHAMED_2030,Cubist,1,3.51043701171875,3.51043701171875,
Hatem Kh. MOHAMED_2030,RF,1,5.64736981925293,5.64736981925293,
Hatem Kh. MOHAMED_2030,XGB,1,3.8301849365234375,3.8301849365234375,
Hatem Kh. MOHAMED_2030,HistGB,1,4.037915061194951,4.037915061194951,
Hatem Kh. MOHAMED_2031,LR,1,29.85427850069003,29.85427850069003,
Hatem Kh. MOHAMED_2031,KNN,1,2.0,2.0,
Hatem Kh. MOHAMED_2031,ANN,1,10.409093841873883,10.409093841873883,
Hatem Kh. MOHAMED_2031,Cubist,1,0.4977874755859375,0.4977874755859375,
Hatem Kh. MOHAMED_2031,RF,1,5.587807846638512,5.587807846638512,
Hatem Kh. MOHAMED_2031,XGB,1,2.2891464233398438,2.2891464233398438,
Hatem Kh. MOHAMED_2031,HistGB,1,0.44312591912307653,0.44312591912307653,
Hatem Kh. MOHAMED_2032,LR,1,28.13818276536192,28.13818276536192,
Hatem Kh. MOHAMED_2032,KNN,1,2.0,2.0,
Hatem Kh. MOHAMED_2032,ANN,1,6.377290614508972,6.377290614508972,
Hatem Kh. MOHAMED_2032,Cubist,1,0.45867156982421875,0.45867156982421875,
Hatem Kh. MOHAMED_2032,RF,1,4.333824567586255,4.333824567586255,
Hatem Kh. MOHAMED_2032,XGB,1,3.2059097290039062,3.2059097290039062,
Hatem Kh. MOHAMED_2032,HistGB,1,1.2858688536080507,1.2858688536080507,
Hatem Kh. MOHAMED_2033,LR,1,24.36411411527125,24.36411411527125,
Hatem Kh. MOHAMED_2033,KNN,1,4.0,4.0,
Hatem Kh. MOHAMED_2033,ANN,1,5.203831439870612,5.203831439870612,
Hatem Kh. MOHAMED_2033,Cubist,1,0.4999961853027344,0.4999961853027344,
Hatem Kh. MOHAMED_2033,RF,1,0.5292860197921314,0.5292860197921314,
Hatem Kh. MOHAMED_2033,XGB,1,4.621974945068359,4.621974945068359,
Hatem Kh. MOHAMED_2033,HistGB,1,3.7107680021589644,3.7107680021589644,
Hatem Kh. MOHAMED_2034,LR,1,19.560105068845147,19.560105068845147,
Hatem Kh. MOHAMED_2034,KNN,1,5.0,5.0,
Hatem Kh. MOHAMED_2034,ANN,1,1.6883663388531645,1.6883663388531645,
Hatem Kh. MOHAMED_2034,Cubist,1,4.3876495361328125,4.3876495361328125,
Hatem Kh. MOHAMED_2034,RF,1,0.6938871657280643,0.6938871657280643,
Hatem Kh. MOHAMED_2034,XGB,1,7.624031066894531,7.624031066894531,
Hatem Kh. MOHAMED_2034,HistGB,1,8.236948975755347,8.236948975755347,
Hatem Kh. MOHAMED_2035,LR,1,2.4274488129697573,2.4274488129697573,
Hatem Kh. MOHAMED_2035,KNN,1,15.999999999999993,15.999999999999993,
Hatem Kh. MOHAMED_2035,ANN,1,1.9427918274488292,1.9427918274488292,
Hatem Kh. MOHAMED_2035,Cubist,1,10.723060607910156,10.723060607910156,
Hatem Kh. MOHAMED_2035,RF,1,20.847215160500454,20.847215160500454,
Hatem Kh. MOHAMED_2035,XGB,1,13.061351776123047,13.061351776123047,
Hatem Kh. MOHAMED_2035,HistGB,1,7.126699669200214,7.126699669200214,
Hatem Kh. MOHAMED_2036,LR,1,18.142982871348146,18.142982871348146,
Hatem Kh. MOHAMED_2036,KNN,1,15.999999999999993,15.999999999999993,
Hatem Kh. MOHAMED_2036,ANN,1,6.616154000781215,6.616154000781215,
Hatem Kh. MOHAMED_2036,Cubist,1,3.6138648986816477,3.6138648986816477,
Hatem Kh. MOHAMED_2036,RF,1,1.2611638220074752,1.2611638220074752,
Hatem Kh. MOHAMED_2036,XGB,1,3.1921653747558523,3.1921653747558523,
Hatem Kh. MOHAMED_2036,HistGB,1,0.02623902664281985,0.02623902664281985,
Hatem Kh. MOHAMED_2037,LR,1,33.87123065389683,33.87123065389683,
Hatem Kh. MOHAMED_2037,KNN,1,16.000000000000007,16.000000000000007,
Hatem Kh. MOHAMED_2037,ANN,1,5.735455100787334,5.735455100787334,
Hatem Kh. MOHAMED_2037,Cubist,1,10.005962371826172,10.005962371826172,
Hatem Kh. MOHAMED_2037,RF,1,11.611358481002476,11.611358481002476,
Hatem Kh. MOHAMED_2037,XGB,1,2.9278411865234375,2.9278411865234375,
Hatem Kh. MOHAMED_2037,HistGB,1,3.0117003846472983,3.0117003846472983,
Hatem Kh. MOHAMED_2038,LR,1,27.620773631509017,27.620773631509017,
Hatem Kh. MOHAMED_2038,KNN,1,7.0,7.0,
Hatem Kh. MOHAMED_2038,ANN,1,7.970443321811551,7.970443321811551,
Hatem Kh. MOHAMED_2038,Cubist,1,0.358367919921875,0.358367919921875,
Hatem Kh. MOHAMED_2038,RF,1,1.8092285175285525,1.8092285175285525,
Hatem Kh. MOHAMED_2038,XGB,1,6.625724792480469,6.625724792480469,
Hatem Kh. MOHAMED_2038,HistGB,1,6.5542831458274975,6.5542831458274975,
Hatem Kh. MOHAMED_2039,LR,1,22.269624371527087,22.269624371527087,
Hatem Kh. MOHAMED_2039,KNN,1,14.0,14.0,
Hatem Kh. MOHAMED_2039,ANN,1,11.352865116365585,11.352865116365585,
Hatem Kh. MOHAMED_2039,Cubist,1,1.8967819213867188,1.8967819213867188,
Hatem Kh. MOHAMED_2039,RF,1,5.222947429242339,5.222947429242339,
Hatem Kh. MOHAMED_2039,XGB,1,2.7838973999023438,2.7838973999023438,
Hatem Kh. MOHAMED_2039,HistGB,1,6.961646900044272,6.961646900044272,
Hatem Kh. MOHAMED_2040,LR,1,34.75387762601494,34.75387762601494,
Hatem Kh. MOHAMED_2040,KNN,1,6.0,6.0,
Hatem Kh. MOHAMED_2040,ANN,1,51.34726018710088,51.34726018710088,
Hatem Kh. MOHAMED_2040,Cubist,1,18.14728546142578,18.14728546142578,
Hatem Kh. MOHAMED_2040,RF,1,18.041543490357956,18.041543490357956,
Hatem Kh. MOHAMED_2040,XGB,1,13.018274307250977,13.018274307250977,
Hatem Kh. MOHAMED_2040,HistGB,1,5.590862607482727,5.590862607482727,
Hatem Kh. MOHAMED_2041,LR,1,28.609702081412962,28.609702081412962,
Hatem Kh. MOHAMED_2041,KNN,1,6.0,6.0,
Hatem Kh. MOHAMED_2041,ANN,1,44.927049008526915,44.927049008526915,
Hatem Kh. MOHAMED_2041,Cubist,1,15.353036880493164,15.353036880493164,
Hatem Kh. MOHAMED_2041,RF,1,7.603835306910771,7.603835306910771,
Hatem Kh. MOHAMED_2041,XGB,1,8.63048505783081,8.63048505783081,
Hatem Kh. MOHAMED_2041,HistGB,1,3.63771384797551,3.63771384797551,
Hatem Kh. MOHAMED_2042,LR,1,20.420450344970334,20.420450344970334,
Hatem Kh. MOHAMED_2042,KNN,1,8.0,8.0,
Hatem Kh. MOHAMED_2042,ANN,1,38.4809086287273,38.4809086287273,
Hatem Kh. MOHAMED_2042,Cubist,1,13.625595092773438,13.625595092773438,
Hatem Kh. MOHAMED_2042,RF,1,9.62858064329339,9.62858064329339,
Hatem Kh. MOHAMED_2042,XGB,1,0.8004589080810547,0.8004589080810547,
Hatem Kh. MOHAMED_2042,HistGB,1,1.8212184242361644,1.8212184242361644,
Hatem Kh. MOHAMED_2043,LR,1,8.140997937587962,8.140997937587962,
Hatem Kh. MOHAMED_2043,KNN,1,12.0,12.0,
Hatem Kh. MOHAMED_2043,ANN,1,26.470589838455687,26.470589838455687,
Hatem Kh. MOHAMED_2043,Cubist,1,1.8379783630371094,1.8379783630371094,
Hatem Kh. MOHAMED_2043,RF,1,12.628757331564344,12.628757331564344,
Hatem Kh. MOHAMED_2043,XGB,1,18.24593734741211,18.24593734741211,
Hatem Kh. MOHAMED_2043,HistGB,1,4.562945522733294,4.562945522733294,
Hatem Kh. MOHAMED_2044,LR,1,4.138591285414648,4.138591285414648,
Hatem Kh. MOHAMED_2044,KNN,1,13.999999999999993,13.999999999999993,
Hatem Kh. MOHAMED_2044,ANN,1,13.262064581607532,13.262064581607532,
Hatem Kh. MOHAMED_2044,Cubist,1,1.2090950012207031,1.2090950012207031,
Hatem Kh. MOHAMED_2044,RF,1,10.834006897255954,10.834006897255954,
Hatem Kh. MOHAMED_2044,XGB,1,8.734336853027344,8.734336853027344,
Hatem Kh. MOHAMED_2044,HistGB,1,10.083087195959166,10.083087195959166,
Hatem Kh. MOHAMED_2045,LR,1,18.46797692293017,18.46797692293017,
Hatem Kh. MOHAMED_2045,KNN,1,13.999999999999993,13.999999999999993,
Hatem Kh. MOHAMED_2045,ANN,1,0.09098368679975977,0.09098368679975977,
Hatem Kh. MOHAMED_2045,Cubist,1,4.973487854003913,4.973487854003913,
Hatem Kh. MOHAMED_2045,RF,1,2.8183370067417783,2.8183370067417783,
Hatem Kh. MOHAMED_2045,XGB,1,1.9962272644042898,1.9962272644042898,
Hatem Kh. MOHAMED_2045,HistGB,1,0.07098392405683285,0.07098392405683285,
Hatem Kh. MOHAMED_2046,LR,1,24.599141991113456,24.599141991113456,
Hatem Kh. MOHAMED_2046,KNN,1,7.0,7.0,
Hatem Kh. MOHAMED_2046,ANN,1,5.819692961453008,5.819692961453008,
Hatem Kh. MOHAMED_2046,Cubist,1,0.21710205078125,0.21710205078125,
Hatem Kh. MOHAMED_2046,RF,1,6.5033732907270405,6.5033732907270405,
Hatem Kh. MOHAMED_2046,XGB,1,3.8366470336914062,3.8366470336914062,
Hatem Kh. MOHAMED_2046,HistGB,1,2.505345215294909,2.505345215294909,
Hatem Kh. MOHAMED_2047,LR,1,31.755294730410355,31.755294730410355,
Hatem Kh. MOHAMED_2047,KNN,1,2.0,2.0,
Hatem Kh. MOHAMED_2047,ANN,1,13.444047749372523,13.444047749372523,
Hatem Kh. MOHAMED_2047,Cubist,1,5.3961334228515625,5.3961334228515625,
Hatem Kh. MOHAMED_2047,RF,1,10.346320385533623,10.346320385533623,
Hatem Kh. MOHAMED_2047,XGB,1,5.6834869384765625,5.6834869384765625,
Hatem Kh. MOHAMED_2047,HistGB,1,6.956081890894694,6.956081890894694,
Hatem Kh. MOHAMED_2048,LR,1,33.78747674888788,33.78747674888788,
Hatem Kh. MOHAMED_2048,KNN,1,1.0,1.0,
Hatem Kh. MOHAMED_2048,ANN,1,15.130415915882267,15.130415915882267,
Hatem Kh. MOHAMED_2048,Cubist,1,5.9698028564453125,5.9698028564453125,
Hatem Kh. MOHAMED_2048,RF,1,9.92947237425222,9.92947237425222,
Hatem Kh. MOHAMED_2048,XGB,1,1.9846725463867188,1.9846725463867188,
Hatem Kh. MOHAMED_2048,HistGB,1,6.71515973372496,6.71515973372496,
Hatem Kh. MOHAMED_2049,LR,1,34.79491019511746,34.79491019511746,
Hatem Kh. MOHAMED_2049,KNN,1,0.0,0.0,
Hatem Kh. MOHAMED_2049,ANN,1,15.5262568551395,15.5262568551395,
Hatem Kh. MOHAMED_2049,Cubist,1,5.889656066894531,5.889656066894531,
Hatem Kh. MOHAMED_2049,RF,1,5.775668133556977,5.775668133556977,
Hatem Kh. MOHAMED_2049,XGB,1,2.3248138427734375,2.3248138427734375,
Hatem Kh. MOHAMED_2049,HistGB,1,1.5263579145027393,1.5263579145027393,
Hatem Kh. MOHAMED_2050,LR,1,34.7775563163074,34.7775563163074,
Hatem Kh. MOHAMED_2050,KNN,1,0.0,0.0,
Hatem Kh. MOHAMED_2050,ANN,1,15.086507746179862,15.086507746179862,
Hatem Kh. MOHAMED_2050,Cubist,1,5.3093109130859375,5.3093109130859375,
Hatem Kh. MOHAMED_2050,RF,1,6.211629899196822,6.211629899196822,
Hatem Kh. MOHAMED_2050,XGB,1,2.2522506713867188,2.2522506713867188,
Hatem Kh. MOHAMED_2050,HistGB,1,1.2429836485302133,1.2429836485302133,
Jianyang Gao_2022,LR,39,23.125347807735416,26.304184980634684,-0.293233783930952
Jianyang Gao_2022,KNN,39,21.48046213773449,24.225567992231984,-0.09692081598344116
Jianyang Gao_2022,ANN,39,34.04489593400662,42.70921462593882,-2.4093415561105243
Jianyang Gao_2022,Cubist,39,22.080397997239647,27.2477613177523,-0.3876789298921479
Jianyang Gao_2022,RF,39,28.767228443295252,32.730352217675716,-1.0022979336349493
Jianyang Gao_2022,XGB,39,25.384862098811713,28.70289566919819,-0.5398512370422703
Jianyang Gao_2022,HistGB,39,25.312085913887408,29.45842319410388,-0.6219831386795434
L. Santamaría_2020,LR,220,35.75711443731241,40.73099453626768,-2.6718828532665824
L. Santamaría_2020,KNN,220,22.37128787878788,29.930324760646652,-0.982721183380592
L. Santamaría_2020,ANN,220,59.13717321326749,62.41976622891615,-7.623489996013731
L. Santamaría_2020,Cubist,220,23.339126271912548,26.564822452011406,-0.5618978368854886
L. Santamaría_2020,RF,220,21.050333870821515,23.49604638892102,-0.22187947636918426
L. Santamaría_2020,XGB,220,18.325017397331468,20.53054958590461,0.06708959120177105
L. Santamaría_2020,HistGB,220,18.289543727714232,20.99753043265567,0.024167615019868527
Mehak Bansal_2025,LR,18,10.432088038526814,12.483111764892211,-0.6967937284001278
Mehak Bansal_2025,KNN,18,45.81018518518518,47.718604344818004,-23.794696617318635
Mehak Bansal_2025,ANN,18,56.022788642092735,56.850424352431155,-34.19255143728697
Mehak Bansal_2025,Cubist,18,12.820087521164506,14.639990592295113,-1.3338069444762621
Mehak Bansal_2025,RF,18,26.38313812459279,27.844001752626504,-7.442025066661991
Mehak Bansal_2025,XGB,18,16.493091441966868,18.688477536296457,-2.8030424950460233
Mehak Bansal_2025,HistGB,18,13.029993622232052,14.77481753828528,-1.3769912609246773
Minghao Sui_2012,LR,90,37.5084357248554,45.950652147783835,-2.566394742493615
Minghao Sui_2012,KNN,90,36.16695906432748,42.04592070471342,-1.9860273820276713
Minghao Sui_2012,ANN,90,16.543633725493915,19.068251707779133,0.38585940653202755
Minghao Sui_2012,Cubist,90,26.83027301364475,30.34454736027542,-0.5552756742805178
Minghao Sui_2012,RF,90,31.497574399521003,35.455205204512986,-1.1232740825802905
Minghao Sui_2012,XGB,90,37.486343770225844,41.963120942973234,-1.974278374837923
Minghao Sui_2012,HistGB,90,32.891326577626714,36.71011797985334,-1.276237702774711
Mohamed E. M. Hassouna_2019,LR,11,56.78953346632011,58.785457743802,-13.949366017364923
Mohamed E. M. Hassouna_2019,KNN,11,27.531818181818185,31.362887013446034,-3.2551515624955325
Mohamed E. M. Hassouna_2019,ANN,11,70.55432157211844,72.82274101901686,-21.94124641954059
Mohamed E. M. Hassouna_2019,Cubist,11,30.876886055686256,33.575637906752696,-3.876761445654787
Mohamed E. M. Hassouna_2019,RF,11,16.144779567839784,18.989530783783536,-0.5599527149174914
Mohamed E. M. Hassouna_2019,XGB,11,41.32402094060724,45.29045285186957,-7.8735273652236
Mohamed E. M. Hassouna_2019,HistGB,11,36.65284187337006,40.01477823634576,-5.926658802007235
Mohammad Noori Sepehr_2016,LR,81,30.60214195567836,37.103219271100635,-2.4595444381938667
Mohammad Noori Sepehr_2016,KNN,81,45.26453835419832,50.36647327673377,-5.374979783051189
Mohammad Noori Sepehr_2016,ANN,81,18.542105610703913,25.515355897085072,-0.6360591025051348
Mohammad Noori Sepehr_2016,Cubist,81,32.60696011262679,36.115046453610525,-2.2777217523883944
Mohammad Noori Sepehr_2016,RF,81,35.87864661805292,39.64430378560602,-2.949638234588259
Mohammad Noori Sepehr_2016,XGB,81,31.63510003101266,36.02412533867773,-2.2612389279705285
Mohammad Noori Sepehr_2016,HistGB,81,28.78881281661552,32.623304404099855,-1.6745555629097484
Mohammad Saood Manzar_2024,LR,66,29.956566318912508,30.347440884727582,-237.64994290079912
Mohammad Saood Manzar_2024,KNN,66,37.52969696969697,37.81091214547365,-369.46867773361464
Mohammad Saood Manzar_2024,ANN,66,38.72350919786658,39.691517139181926,-407.2372081880606
Mohammad Saood Manzar_2024,Cubist,66,20.38021869312633,22.295919878897774,-127.8154564308795
Mohammad Saood Manzar_2024,RF,66,26.83651089986694,27.26886246277635,-191.68647396047982
Mohammad Saood Manzar_2024,XGB,66,23.723706071449048,25.006444006536775,-161.03956281724248
Mohammad Saood Manzar_2024,HistGB,66,26.35015182901122,27.648386365731845,-197.0873609815873
Morgana Rosset_2019,LR,45,71.13257269004069,74.36001464585897,-14.836617726279892
Morgana Rosset_2019,KNN,45,42.13333333333333,45.01851470969102,-4.804513490119316
Morgana Rosset_2019,ANN,45,72.04958684784354,74.37519145246954,-14.843082862503161
Morgana Rosset_2019,Cubist,45,21.78454064263238,24.696276085248037,-0.746813113150615
Morgana Rosset_2019,RF,45,15.195718521695984,18.958259282568033,-0.029391120007723703
Morgana Rosset_2019,XGB,45,15.414795345730251,25.010035776147006,-0.7914806689990475
Morgana Rosset_2019,HistGB,45,15.614519319478546,20.76870897847122,-0.2353855066512498
N’guadi Blaise Allou_2018,LR,56,10.612620600304194,13.635200392355797,-0.1149827965630712
N’guadi Blaise Allou_2018,KNN,56,13.048928571428572,16.899778433787557,-0.7128019081349222
N’guadi Blaise Allou_2018,ANN,56,10.445332789610863,13.084907937207559,-0.0268014168859958
N’guadi Blaise Allou_2018,Cubist,56,11.992216278257825,14.400478976905243,-0.243652340407021
N’guadi Blaise Allou_2018,RF,56,11.233169918900586,13.477578516963712,-0.08935356177679288
N’guadi Blaise Allou_2018,XGB,56,14.660947776976085,17.37351375347981,-0.8101744943558609
N’guadi Blaise Allou_2018,HistGB,56,12.525781313096664,15.352640622194231,-0.41355035660569794
Priyanka_2024,LR,32,16.56718848367291,17.587415713860747,-7.421269916196097
Priyanka_2024,KNN,32,14.28125,17.11267804874503,-6.97277464638945
Priyanka_2024,ANN,32,8.976183430882394,10.387556765562474,-1.9376520156112278
Priyanka_2024,Cubist,32,37.81097948551178,38.420354974448266,-39.187989061876905
Priyanka_2024,RF,32,28.120482564414026,28.57281603750602,-21.226937038835402
Priyanka_2024,XGB,32,29.30999732017517,30.017621520739294,-23.53161183145398
Priyanka_2024,HistGB,32,23.570819731390092,25.689453223880722,-16.96731785357233
Rehab Mahmoud_2024,LR,25,12.998072618529582,16.590164140043523,0.13140902692638312
Rehab Mahmoud_2024,KNN,25,12.715739960130204,14.540774854785342,0.33274928804565396
Rehab Mahmoud_2024,ANN,25,34.213810922802395,40.16170253090717,-4.090239023005899
Rehab Mahmoud_2024,Cubist,25,17.14406637614583,19.98733157364324,-0.26073433342912544
Rehab Mahmoud_2024,RF,25,20.46894657530154,23.71431340572744,-0.7747413011091202
Rehab Mahmoud_2024,XGB,25,23.6276697985928,26.77743359814702,-1.2628295834111825
Rehab Mahmoud_2024,HistGB,25,26.967804749779443,31.061989621085246,-2.04489615901965
Rehab Mahmoud_2026,LR,24,30.78780897094735,37.94470921499766,-1.2787196438677118
Rehab Mahmoud_2026,KNN,24,47.045454420315515,53.83482564377021,-3.5868555118176646
Rehab Mahmoud_2026,ANN,24,43.58791000336149,52.31502080164813,-3.3315291644924185
Rehab Mahmoud_2026,Cubist,24,18.648910468325536,21.254338129577285,0.2850369313440094
Rehab Mahmoud_2026,RF,24,26.324893271003276,30.355483100937203,-0.4583532577632845
Rehab Mahmoud_2026,XGB,24,29.216063869137653,33.16509151468772,-0.7408078572029511
Rehab Mahmoud_2026,HistGB,24,26.906882713049214,31.428610902101944,-0.5632873396238816
S. A. Abdel Moaty_2019,LR,57,31.688416119983952,35.775765366391475,-0.3745522020518637
S. A. Abdel Moaty_2019,KNN,57,42.40667757471921,51.61213448528394,-1.8607967993570615
S. A. Abdel Moaty_2019,ANN,57,68.81770858152589,72.74659962878494,-4.683407117667615
S. A. Abdel Moaty_2019,Cubist,57,33.30783406899009,36.8049605731488,-0.4547758549604686
S. A. Abdel Moaty_2019,RF,57,33.229290907520195,38.46656159861304,-0.5890958975728933
S. A. Abdel Moaty_2019,XGB,57,40.01650257904736,48.85966465940778,-1.5638011300241828
S. A. Abdel Moaty_2019,HistGB,57,36.42519989125254,43.14953632995693,-0.9995655110798431
Samar M. Mahgoub_2020,LR,19,48.880271257088715,53.109111961951896,-5.424296916290001
Samar M. Mahgoub_2020,KNN,19,21.236842105263158,26.858547595642033,-0.6430567867429247
Samar M. Mahgoub_2020,ANN,19,28.841320735211855,36.69805085464679,-2.0674219562414136
Samar M. Mahgoub_2020,Cubist,19,42.92304952521073,46.20590948409616,-3.862757043355203
Samar M. Mahgoub_2020,RF,19,25.38595688333594,31.693252996390385,-1.2878163559639995
Samar M. Mahgoub_2020,XGB,19,21.75116850200452,27.623797751614877,-0.7380181076691688
Samar M. Mahgoub_2020,HistGB,19,27.773760204207473,32.57822289450771,-1.4173654251928944
Samar M․ Mahgouba_2025,LR,23,18.354479592147687,20.987979206398315,-0.2582126991243128
Samar M․ Mahgouba_2025,KNN,23,47.24347826086956,51.465361926842306,-6.565591293342145
Samar M․ Mahgouba_2025,ANN,23,18.13251446920431,21.69599625755095,-0.3445346788915311
Samar M․ Mahgouba_2025,Cubist,23,15.484767150878907,17.70552935613086,0.10457205252866408
Samar M․ Mahgouba_2025,RF,23,18.16761312503641,20.632769577732592,-0.21598402629410973
Samar M․ Mahgouba_2025,XGB,23,24.07013169993525,31.533049207258667,-1.8401727137820822
Samar M․ Mahgouba_2025,HistGB,23,19.854268757631697,22.89935005728539,-0.49781827768230436
XingWang_2022,LR,20,9.398533179033501,12.109735815216128,-0.7312600089721883
XingWang_2022,KNN,20,13.783071348016412,15.351317579848278,-1.7821739008148874
XingWang_2022,ANN,20,31.716595605834492,32.391723359885,-11.386855438772582
XingWang_2022,Cubist,20,32.602802270642194,32.95289300494743,-11.819764766386346
XingWang_2022,RF,20,30.029683131228534,30.867726342066838,-10.248697618999623
XingWang_2022,XGB,20,22.0339565485169,24.44121282538895,-6.052424820398934
XingWang_2022,HistGB,20,23.886196362025725,25.311775736347588,-6.563767795079391
Zhenzhen Li_2024,LR,17,17.60899573448528,22.821389169158998,-0.23204654329919183
Zhenzhen Li_2024,KNN,17,18.429633860665234,20.68083436031603,-0.011763651744047143
Zhenzhen Li_2024,ANN,17,91.10339004665394,95.45887637702634,-20.556368383469124
Zhenzhen Li_2024,Cubist,17,29.19027588539821,34.870351009095536,-1.8764418496517004
Zhenzhen Li_2024,RF,17,19.149192599663326,22.53767080254674,-0.20160305195055717
Zhenzhen Li_2024,XGB,17,20.70169896722544,22.567873587336603,-0.2048257519388359
Zhenzhen Li_2024,HistGB,17,17.689232838518382,20.791325887074475,-0.022603634546849882
