model,repeat,r2,mae,rmse
LR,0,0.4389747467368983,17.224503444183988,21.14468691439501
KNN,0,0.7582746712944777,7.72766901371772,13.879414104463999
ANN,0,0.5693657984470013,14.106181110092141,18.525260058221793
Cubist,0,0.792056856443903,8.1019870704746,12.873076683905445
RF,0,0.8007454304700682,8.348915176466084,12.601266567331063
XGB,0,0.8738986335471912,5.464183455599154,10.024666884692165
HistGB,0,0.8638459784573121,5.6191529151445065,10.416583283822622
LR,1,0.4217729951728604,16.820435647097984,21.16285600099046
KNN,1,0.6878310693873209,7.738418121372165,15.549625358088983
ANN,1,0.5792194361129674,13.746911208403873,18.053147363889327
Cubist,1,0.7350063538929654,8.346723922169888,14.326589656126762
RF,1,0.7633595230794118,8.603809564947117,13.538470642092516
XGB,1,0.842841031634039,5.912232301424949,11.033026879438182
HistGB,1,0.8402093477777836,6.323506245246649,11.125019382252757
LR,2,0.3705641210186783,17.498894545447197,22.03902983094629
KNN,2,0.7121235758685245,8.456328981054464,14.90458111851661
ANN,2,0.45672132076474703,15.195442941129668,20.47519545203484
Cubist,2,0.7535325696312853,8.520393570928768,13.791023354384574
RF,2,0.766676599032488,8.828018375517077,13.418249854598477
XGB,2,0.8493028472293949,6.339250376353077,10.78373603898236
HistGB,2,0.8393076773225879,6.801283914248304,11.13561710422468
LR,3,0.3843227479246728,17.737507264798918,22.429289825322194
KNN,3,0.7334694416155094,8.252550483071687,14.757489182752504
ANN,3,0.5534160765816244,14.20598100534498,19.102513329576073
Cubist,3,0.7909579257472322,8.38446903474928,13.06940517346625
RF,3,0.7783378375854975,8.81774788114554,13.458131013858562
XGB,3,0.8672262998807285,6.234954328462889,10.415856743754878
HistGB,3,0.860207343029277,6.308429860231224,10.687623560365937
LR,4,0.4050744566782417,17.5179049505152,21.09971681005661
KNN,4,0.7635299778574846,7.092198237268985,13.302502968764603
ANN,4,0.5833500732947247,13.56965539159017,17.65757149541731
Cubist,4,0.8369273178594014,6.882512979391095,11.046785613165456
RF,4,0.8218180464561989,7.924493169341536,11.547212991375496
XGB,4,0.8736851472146525,5.6169186363920485,9.722378592456492
HistGB,4,0.8825560687791945,5.683502019613096,9.374769718041886
LR,5,0.34910680111920456,17.76366659779589,22.623686806573552
KNN,5,0.7399368566590225,7.238181084763544,14.30039115809234
ANN,5,0.5365022172044229,14.390627223420934,19.0911611519354
Cubist,5,0.8295679857755874,7.4965753898419,11.576681937178996
RF,5,0.7817340433485999,8.741430379163257,13.100911556653605
XGB,5,0.8453345465603233,6.323870610221455,11.028213690189693
HistGB,5,0.8636126895160442,5.912336254804891,10.356082363333856
LR,6,0.34910072656506064,17.71984071795437,22.029002707777277
KNN,6,0.6080572925187385,9.136182300949717,17.094217958594257
ANN,6,0.5171829959134384,14.763920513809252,18.97270357151105
Cubist,6,0.7668602963627071,8.150206553318094,13.18396565413784
RF,6,0.7754649005327113,8.651937297201501,12.938384785501636
XGB,6,0.823282816349322,6.427073799493776,11.478293717774802
HistGB,6,0.817136105811398,6.806877056874602,11.676210743886598
LR,7,0.3355415225558207,18.944789725271796,23.519680695838318
KNN,7,0.7216275560411023,8.083482670521242,15.223363561944668
ANN,7,0.47993687171290067,16.093098717602782,20.807769587465145
Cubist,7,0.7636405813465252,9.047443781271236,14.02761877474739
RF,7,0.7848287834107155,8.92006264047945,13.384112726825816
XGB,7,0.8086463707651333,6.675429807157897,12.621641772020455
HistGB,7,0.8209601126920535,6.832169155290262,12.208783601321077
LR,8,0.433264406754596,17.440401309141322,21.970995565708925
KNN,8,0.7724046892616547,7.166772688253414,13.923266852749338
ANN,8,0.5712772068080554,14.45158584439016,19.10943201176282
Cubist,8,0.8328788422192513,7.502044920913748,11.930955058743008
RF,8,0.8253446226911298,8.349687655181976,12.196928350731893
XGB,8,0.8562031080000936,6.094623299182364,11.067110384558902
HistGB,8,0.8601784399690658,6.300457017100245,10.913060520194545
LR,9,0.3762771252738236,17.356630925093576,22.106646497291052
KNN,9,0.7200518260802362,8.603905482713435,14.81036801242505
ANN,9,0.5220401704925424,14.409777762737946,19.351860709978677
Cubist,9,0.7822854205318773,8.286450573378596,13.060830313504969
RF,9,0.7149864616714376,9.546825158345895,14.943756264989904
XGB,9,0.7912117818373874,7.090481794804326,12.790279193962727
HistGB,9,0.8048453823719737,7.246590048073888,12.36563566525133
LR,10,0.451712144426336,16.9693856825595,20.8705944433034
KNN,10,0.776384373393938,7.574019158772515,13.328509333631166
ANN,10,0.5796564944570903,13.9095304375658,18.27396028083019
Cubist,10,0.8329763406685899,7.41051475786267,11.519125315143622
RF,10,0.8408386380031121,7.57684627316353,11.244737695676283
XGB,10,0.8748017487078581,5.395249548583028,9.97308767875765
HistGB,10,0.8805841232818112,5.743712496149439,9.740057964782533
LR,11,0.37957030707483386,17.827171179142365,21.776754953491462
KNN,11,0.7082643039464994,8.452685640604441,14.93281424483789
ANN,11,0.4871112340707323,15.337758992330633,19.79969363061079
Cubist,11,0.8168473734656073,7.966095490041929,11.83187172314054
RF,11,0.795800138139569,8.442423924594593,12.493226075283847
XGB,11,0.8239492650465655,6.8456154266064475,11.600208579733598
HistGB,11,0.8438081494923495,6.725629523576273,10.926374005004293
LR,12,0.39297744593946393,17.39012126196923,21.81672354919957
KNN,12,0.7771900774265667,6.960495121459395,13.217653982000629
ANN,12,0.5614172180720556,14.178216139530731,18.544405006448464
Cubist,12,0.7726482702275166,8.525991095556225,13.351690176588807
RF,12,0.8144072342914821,8.339649066237039,12.063341891671385
XGB,12,0.85406854541737,6.288833486237133,10.69698952038151
HistGB,12,0.8615148008244282,6.336039735218912,10.420505679734243
LR,13,0.410769954597043,16.87237056457123,21.40990824554545
KNN,13,0.7365018989478105,7.380049468437917,14.317299469884164
ANN,13,0.604355394367057,12.97949849213916,17.54385335650163
Cubist,13,0.824460574635362,6.953313698146127,11.685833665745394
RF,13,0.8003263041496973,7.900713887231159,12.463292640253597
XGB,13,0.850960135736686,6.0314416657306635,10.767715873440766
HistGB,13,0.8830435921755367,5.689486207416534,9.538594236320632
LR,14,0.3489050430357493,17.874068713810125,22.548861581297942
KNN,14,0.7432018119656907,8.502110308755185,14.161147045141693
ANN,14,0.47600196097501823,15.076273936392692,20.228667956835295
Cubist,14,0.7790337890228675,8.484455035977785,13.136068038401913
RF,14,0.7542289712336812,9.294613488989661,13.853764429016652
XGB,14,0.8383510673778307,6.733942891565273,11.235408714279098
HistGB,14,0.8563584309335426,6.488485458371366,10.591135519725649
LR,15,0.39381128078037686,16.364153525130842,20.8285814847903
KNN,15,0.5872163407084565,9.29131120810803,17.18767040368108
ANN,15,0.481999410944577,14.137864711912655,19.253996803190244
Cubist,15,0.7528614566511461,8.057651272641523,13.299215086315245
RF,15,0.7274727881561405,8.93259266751497,13.965635572182585
XGB,15,0.7807312645638533,6.987479124196584,12.526914825951188
HistGB,15,0.792981940392651,6.920584396363051,12.17194231144946
LR,16,0.43237606324801914,16.901951123129212,21.03641200464782
KNN,16,0.8471788231054896,6.212947952558482,10.915234923674689
ANN,16,0.5721252534059578,13.90833945378447,18.264157549099576
Cubist,16,0.8313315622249287,7.612316652264318,11.467222217063796
RF,16,0.807036723656552,8.234706644705312,12.265313396579357
XGB,16,0.8786265209473205,5.194680400658292,9.727544308845513
HistGB,16,0.8920186513358686,5.425205796592779,9.175203196240984
LR,17,0.4772793459611938,17.023175767582703,20.9521193000591
KNN,17,0.8100294418982714,7.0076757134878775,12.630957600675593
ANN,17,0.5781558206982623,14.339300745518152,18.82214689554717
Cubist,17,0.8148692044785616,8.164473061251993,12.469024023444225
RF,17,0.8193172458810225,8.737521117713344,12.318319917770795
XGB,17,0.8741638422392946,6.189016957026016,10.280064809126756
HistGB,17,0.8853293938183537,6.058272471685641,9.813392788621837
LR,18,0.4500443893780022,17.031033352969775,20.836837155799987
KNN,18,0.6833739325240963,8.372281357459434,15.810343753506835
ANN,18,0.5334673106962461,14.345181651350837,19.191504354817898
Cubist,18,0.7583863131627895,8.630110208906556,13.811115121338847
RF,18,0.7563865849728207,9.018862974660102,13.868151553004013
XGB,18,0.8091463998815864,7.051538524479723,12.274905501689528
HistGB,18,0.825616510491834,6.907292933228279,11.733313132560426
LR,19,0.38987103420265024,17.534661948066198,21.828372497217202
KNN,19,0.777275273974109,7.166499449533887,13.18848018712962
ANN,19,0.4784940594483872,15.076283911162786,20.180882997420607
Cubist,19,0.7832382543189971,8.295969682340543,13.010735694354427
RF,19,0.755417944607083,8.955799607018324,13.82047054603046
XGB,19,0.8220073407110923,6.652787052595146,11.789939604749177
HistGB,19,0.8356223517979882,6.756395964703382,11.33005233266654
